file, abstraction, time_depth, time, states
icfa_examples/concurr.erl, standard, 0, 152746,17
icfa_examples/concurr.erl, standard, 0, 171114,17
icfa_examples/concurr.erl, standard, 0, 164200,17
icfa_examples/concurr.erl, standard, 0, 188435,17
icfa_examples/concurr.erl, standard, 0, 164898,17
icfa_examples/concurr.erl, standard, 0, 168879,17
icfa_examples/concurr.erl, standard, 0, 159520,17
icfa_examples/concurr.erl, standard, 0, 170695,17
icfa_examples/concurr.erl, standard, 0, 294945,17
icfa_examples/concurr.erl, standard, 0, 169368,17
icfa_examples/concurr.erl, standard, 0, 296621,17
icfa_examples/concurr.erl, standard, 0, 300673,17
icfa_examples/concurr.erl, standard, 0, 192276,17
icfa_examples/concurr.erl, standard, 0, 165108,17
icfa_examples/concurr.erl, standard, 0, 164479,17
icfa_examples/concurr.erl, standard, 0, 164688,17
icfa_examples/concurr.erl, standard, 0, 157984,17
icfa_examples/concurr.erl, standard, 0, 154422,17
icfa_examples/concurr.erl, standard, 0, 162803,17
icfa_examples/concurr.erl, standard, 0, 184803,17
icfa_examples/concurr.erl, standard, 0, 171952,17
icfa_examples/concurr.erl, standard, 0, 162245,17
icfa_examples/concurr.erl, standard, 0, 170626,17
icfa_examples/concurr.erl, standard, 0, 322673,17
icfa_examples/concurr.erl, standard, 0, 165737,17
icfa_examples/concurr.erl, standard, 0, 181102,17
icfa_examples/concurr.erl, standard, 0, 162175,17
icfa_examples/concurr.erl, standard, 0, 320158,17
icfa_examples/concurr.erl, standard, 0, 314362,17
icfa_examples/concurr.erl, standard, 0, 164479,17
icfa_examples/concurr.erl, standard, 0, 160568,17
icfa_examples/concurr.erl, standard, 0, 167483,17
icfa_examples/concurr.erl, standard, 0, 161407,17
icfa_examples/concurr.erl, standard, 0, 165457,17
icfa_examples/concurr.erl, standard, 0, 165387,17
icfa_examples/concurr.erl, standard, 0, 171813,17
icfa_examples/concurr.erl, standard, 0, 188994,17
icfa_examples/concurr.erl, standard, 0, 322952,17
icfa_examples/concurr.erl, standard, 0, 218677,17
icfa_examples/concurr.erl, standard, 0, 164200,17
icfa_examples/concurr.erl, standard-v1cfa, 0, 249407,24
icfa_examples/concurr.erl, standard-v1cfa, 0, 254786,24
icfa_examples/concurr.erl, standard-v1cfa, 0, 310171,24
icfa_examples/concurr.erl, standard-v1cfa, 0, 283700,24
icfa_examples/concurr.erl, standard-v1cfa, 0, 253808,24
icfa_examples/concurr.erl, standard-v1cfa, 0, 403760,24
icfa_examples/concurr.erl, standard-v1cfa, 0, 465990,24
icfa_examples/concurr.erl, standard-v1cfa, 0, 245357,24
icfa_examples/concurr.erl, standard-v1cfa, 0, 254856,24
icfa_examples/concurr.erl, standard-v1cfa, 0, 251922,24
icfa_examples/concurr.erl, standard-v1cfa, 0, 382877,24
icfa_examples/concurr.erl, standard-v1cfa, 0, 239141,24
icfa_examples/concurr.erl, standard-v1cfa, 0, 363671,24
icfa_examples/concurr.erl, standard-v1cfa, 0, 342997,24
icfa_examples/concurr.erl, standard-v1cfa, 0, 261561,24
icfa_examples/concurr.erl, standard-v1cfa, 0, 485964,24
icfa_examples/concurr.erl, standard-v1cfa, 0, 246195,24
icfa_examples/concurr.erl, standard-v1cfa, 0, 239491,24
icfa_examples/concurr.erl, standard-v1cfa, 0, 305491,24
icfa_examples/concurr.erl, standard-v1cfa, 0, 251224,24
icfa_examples/concurr.erl, standard-v1cfa, 0, 416332,24
icfa_examples/concurr.erl, standard-v1cfa, 0, 265123,24
icfa_examples/concurr.erl, standard-v1cfa, 0, 246684,24
icfa_examples/concurr.erl, standard-v1cfa, 0, 262399,24
icfa_examples/concurr.erl, standard-v1cfa, 0, 249687,24
icfa_examples/concurr.erl, standard-v1cfa, 0, 256811,24
icfa_examples/concurr.erl, standard-v1cfa, 0, 531083,24
icfa_examples/concurr.erl, standard-v1cfa, 0, 249687,24
icfa_examples/concurr.erl, standard-v1cfa, 0, 272386,24
icfa_examples/concurr.erl, standard-v1cfa, 0, 254856,24
icfa_examples/concurr.erl, standard-v1cfa, 0, 469831,24
icfa_examples/concurr.erl, standard-v1cfa, 0, 322044,24
icfa_examples/concurr.erl, standard-v1cfa, 0, 536252,24
icfa_examples/concurr.erl, standard-v1cfa, 0, 292361,24
icfa_examples/concurr.erl, standard-v1cfa, 0, 405506,24
icfa_examples/concurr.erl, standard-v1cfa, 0, 307098,24
icfa_examples/concurr.erl, standard-v1cfa, 0, 242772,24
icfa_examples/concurr.erl, standard-v1cfa, 0, 468224,24
icfa_examples/concurr.erl, standard-v1cfa, 0, 282373,24
icfa_examples/concurr.erl, standard-v1cfa, 0, 287193,24
icfa_examples/concurr.erl, standard, 1, 206944,17
icfa_examples/concurr.erl, standard, 1, 165038,17
icfa_examples/concurr.erl, standard, 1, 165038,17
icfa_examples/concurr.erl, standard, 1, 167832,17
icfa_examples/concurr.erl, standard, 1, 268125,17
icfa_examples/concurr.erl, standard, 1, 182638,17
icfa_examples/concurr.erl, standard, 1, 170905,17
icfa_examples/concurr.erl, standard, 1, 159381,17
icfa_examples/concurr.erl, standard, 1, 342648,17
icfa_examples/concurr.erl, standard, 1, 157076,17
icfa_examples/concurr.erl, standard, 1, 165387,17
icfa_examples/concurr.erl, standard, 1, 304933,17
icfa_examples/concurr.erl, standard, 1, 160219,17
icfa_examples/concurr.erl, standard, 1, 316527,17
icfa_examples/concurr.erl, standard, 1, 253598,17
icfa_examples/concurr.erl, standard, 1, 297041,17
icfa_examples/concurr.erl, standard, 1, 171184,17
icfa_examples/concurr.erl, standard, 1, 247383,17
icfa_examples/concurr.erl, standard, 1, 165667,17
icfa_examples/concurr.erl, standard, 1, 180194,17
icfa_examples/concurr.erl, standard, 1, 169787,17
icfa_examples/concurr.erl, standard, 1, 161336,17
icfa_examples/concurr.erl, standard, 1, 164688,17
icfa_examples/concurr.erl, standard, 1, 165178,17
icfa_examples/concurr.erl, standard, 1, 168460,17
icfa_examples/concurr.erl, standard, 1, 168530,17
icfa_examples/concurr.erl, standard, 1, 177889,17
icfa_examples/concurr.erl, standard, 1, 164969,17
icfa_examples/concurr.erl, standard, 1, 302837,17
icfa_examples/concurr.erl, standard, 1, 163921,17
icfa_examples/concurr.erl, standard, 1, 300881,17
icfa_examples/concurr.erl, standard, 1, 155051,17
icfa_examples/concurr.erl, standard, 1, 166854,17
icfa_examples/concurr.erl, standard, 1, 167273,17
icfa_examples/concurr.erl, standard, 1, 162733,17
icfa_examples/concurr.erl, standard, 1, 293827,17
icfa_examples/concurr.erl, standard, 1, 166086,17
icfa_examples/concurr.erl, standard, 1, 163222,17
icfa_examples/concurr.erl, standard, 1, 191858,17
icfa_examples/concurr.erl, standard, 1, 169857,17
icfa_examples/concurr.erl, standard-stripped, 0, 221820,17
icfa_examples/concurr.erl, standard-stripped, 0, 224823,17
icfa_examples/concurr.erl, standard-stripped, 0, 127602,17
icfa_examples/concurr.erl, standard-stripped, 0, 128231,17
icfa_examples/concurr.erl, standard-stripped, 0, 223497,17
icfa_examples/concurr.erl, standard-stripped, 0, 127113,17
icfa_examples/concurr.erl, standard-stripped, 0, 134377,17
icfa_examples/concurr.erl, standard-stripped, 0, 140244,17
icfa_examples/concurr.erl, standard-stripped, 0, 131094,17
icfa_examples/concurr.erl, standard-stripped, 0, 128091,17
icfa_examples/concurr.erl, standard-stripped, 0, 132561,17
icfa_examples/concurr.erl, standard-stripped, 0, 115869,17
icfa_examples/concurr.erl, standard-stripped, 0, 122993,17
icfa_examples/concurr.erl, standard-stripped, 0, 114612,17
icfa_examples/concurr.erl, standard-stripped, 0, 226150,17
icfa_examples/concurr.erl, standard-stripped, 0, 127602,17
icfa_examples/concurr.erl, standard-stripped, 0, 127882,17
icfa_examples/concurr.erl, standard-stripped, 0, 128719,17
icfa_examples/concurr.erl, standard-stripped, 0, 154352,17
icfa_examples/concurr.erl, standard-stripped, 0, 126974,17
icfa_examples/concurr.erl, standard-stripped, 0, 216722,17
icfa_examples/concurr.erl, standard-stripped, 0, 127812,17
icfa_examples/concurr.erl, standard-stripped, 0, 217350,17
icfa_examples/concurr.erl, standard-stripped, 0, 127393,17
icfa_examples/concurr.erl, standard-stripped, 0, 127742,17
icfa_examples/concurr.erl, standard-stripped, 0, 225452,17
icfa_examples/concurr.erl, standard-stripped, 0, 125507,17
icfa_examples/concurr.erl, standard-stripped, 0, 132561,17
icfa_examples/concurr.erl, standard-stripped, 0, 231528,17
icfa_examples/concurr.erl, standard-stripped, 0, 117755,17
icfa_examples/concurr.erl, standard-stripped, 0, 115869,17
icfa_examples/concurr.erl, standard-stripped, 0, 222519,17
icfa_examples/concurr.erl, standard-stripped, 0, 136821,17
icfa_examples/concurr.erl, standard-stripped, 0, 115799,17
icfa_examples/concurr.erl, standard-stripped, 0, 127253,17
icfa_examples/concurr.erl, standard-stripped, 0, 228594,17
icfa_examples/concurr.erl, standard-stripped, 0, 126695,17
icfa_examples/concurr.erl, standard-stripped, 0, 136961,17
icfa_examples/concurr.erl, standard-stripped, 0, 131444,17
icfa_examples/concurr.erl, standard-stripped, 0, 128580,17
icfa_examples/concurr.erl, standard-stripped-v1cfa, 0, 258138,19
icfa_examples/concurr.erl, standard-stripped-v1cfa, 0, 138917,19
icfa_examples/concurr.erl, standard-stripped-v1cfa, 0, 248569,19
icfa_examples/concurr.erl, standard-stripped-v1cfa, 0, 152187,19
icfa_examples/concurr.erl, standard-stripped-v1cfa, 0, 140803,19
icfa_examples/concurr.erl, standard-stripped-v1cfa, 0, 141361,19
icfa_examples/concurr.erl, standard-stripped-v1cfa, 0, 141361,19
icfa_examples/concurr.erl, standard-stripped-v1cfa, 0, 130745,19
icfa_examples/concurr.erl, standard-stripped-v1cfa, 0, 140732,19
icfa_examples/concurr.erl, standard-stripped-v1cfa, 0, 141501,19
icfa_examples/concurr.erl, standard-stripped-v1cfa, 0, 186968,19
icfa_examples/concurr.erl, standard-stripped-v1cfa, 0, 140104,19
icfa_examples/concurr.erl, standard-stripped-v1cfa, 0, 141990,19
icfa_examples/concurr.erl, standard-stripped-v1cfa, 0, 141851,19
icfa_examples/concurr.erl, standard-stripped-v1cfa, 0, 158892,19
icfa_examples/concurr.erl, standard-stripped-v1cfa, 0, 154492,19
icfa_examples/concurr.erl, standard-stripped-v1cfa, 0, 141710,19
icfa_examples/concurr.erl, standard-stripped-v1cfa, 0, 245915,19
icfa_examples/concurr.erl, standard-stripped-v1cfa, 0, 183267,19
icfa_examples/concurr.erl, standard-stripped-v1cfa, 0, 143247,19
icfa_examples/concurr.erl, standard-stripped-v1cfa, 0, 151349,19
icfa_examples/concurr.erl, standard-stripped-v1cfa, 0, 138777,19
icfa_examples/concurr.erl, standard-stripped-v1cfa, 0, 249827,19
icfa_examples/concurr.erl, standard-stripped-v1cfa, 0, 245776,19
icfa_examples/concurr.erl, standard-stripped-v1cfa, 0, 276786,19
icfa_examples/concurr.erl, standard-stripped-v1cfa, 0, 139964,19
icfa_examples/concurr.erl, standard-stripped-v1cfa, 0, 258138,19
icfa_examples/concurr.erl, standard-stripped-v1cfa, 0, 148206,19
icfa_examples/concurr.erl, standard-stripped-v1cfa, 0, 248221,19
icfa_examples/concurr.erl, standard-stripped-v1cfa, 0, 140523,19
icfa_examples/concurr.erl, standard-stripped-v1cfa, 0, 156936,19
icfa_examples/concurr.erl, standard-stripped-v1cfa, 0, 139475,19
icfa_examples/concurr.erl, standard-stripped-v1cfa, 0, 247312,19
icfa_examples/concurr.erl, standard-stripped-v1cfa, 0, 146530,19
icfa_examples/concurr.erl, standard-stripped-v1cfa, 0, 141431,19
icfa_examples/concurr.erl, standard-stripped-v1cfa, 0, 139196,19
icfa_examples/concurr.erl, standard-stripped-v1cfa, 0, 139405,19
icfa_examples/concurr.erl, standard-stripped-v1cfa, 0, 139266,19
icfa_examples/concurr.erl, standard-stripped-v1cfa, 0, 139127,19
icfa_examples/concurr.erl, standard-stripped-v1cfa, 0, 139405,19
icfa_examples/concurr.erl, p4f, 0, 305282,17
icfa_examples/concurr.erl, p4f, 0, 168041,17
icfa_examples/concurr.erl, p4f, 0, 165387,17
icfa_examples/concurr.erl, p4f, 0, 198213,17
icfa_examples/concurr.erl, p4f, 0, 171813,17
icfa_examples/concurr.erl, p4f, 0, 300114,17
icfa_examples/concurr.erl, p4f, 0, 281465,17
icfa_examples/concurr.erl, p4f, 0, 163501,17
icfa_examples/concurr.erl, p4f, 0, 173280,17
icfa_examples/concurr.erl, p4f, 0, 170695,17
icfa_examples/concurr.erl, p4f, 0, 188156,17
icfa_examples/concurr.erl, p4f, 0, 240258,17
icfa_examples/concurr.erl, p4f, 0, 174816,17
icfa_examples/concurr.erl, p4f, 0, 171324,17
icfa_examples/concurr.erl, p4f, 0, 308564,17
icfa_examples/concurr.erl, p4f, 0, 233135,17
icfa_examples/concurr.erl, p4f, 0, 173489,17
icfa_examples/concurr.erl, p4f, 0, 171184,17
icfa_examples/concurr.erl, p4f, 0, 167762,17
icfa_examples/concurr.erl, p4f, 0, 170136,17
icfa_examples/concurr.erl, p4f, 0, 182498,17
icfa_examples/concurr.erl, p4f, 0, 181172,17
icfa_examples/concurr.erl, p4f, 0, 222379,17
icfa_examples/concurr.erl, p4f, 0, 166295,17
icfa_examples/concurr.erl, p4f, 0, 170346,17
icfa_examples/concurr.erl, p4f, 0, 213928,17
icfa_examples/concurr.erl, p4f, 0, 166086,17
icfa_examples/concurr.erl, p4f, 0, 175654,17
icfa_examples/concurr.erl, p4f, 0, 168949,17
icfa_examples/concurr.erl, p4f, 0, 167063,17
icfa_examples/concurr.erl, p4f, 0, 223287,17
icfa_examples/concurr.erl, p4f, 0, 166295,17
icfa_examples/concurr.erl, p4f, 0, 327282,17
icfa_examples/concurr.erl, p4f, 0, 176422,17
icfa_examples/concurr.erl, p4f, 0, 354870,17
icfa_examples/concurr.erl, p4f, 0, 182219,17
icfa_examples/concurr.erl, p4f, 0, 158752,17
icfa_examples/concurr.erl, p4f, 0, 170625,17
icfa_examples/concurr.erl, p4f, 0, 169298,17
icfa_examples/concurr.erl, p4f, 0, 363740,17
icfa_examples/concurr.erl, p4fv1cfa, 0, 337619,24
icfa_examples/concurr.erl, p4fv1cfa, 0, 256182,24
icfa_examples/concurr.erl, p4fv1cfa, 0, 237395,24
icfa_examples/concurr.erl, p4fv1cfa, 0, 262399,24
icfa_examples/concurr.erl, p4fv1cfa, 0, 366744,24
icfa_examples/concurr.erl, p4fv1cfa, 0, 263796,24
icfa_examples/concurr.erl, p4fv1cfa, 0, 256252,24
icfa_examples/concurr.erl, p4fv1cfa, 0, 262399,24
icfa_examples/concurr.erl, p4fv1cfa, 0, 445246,24
icfa_examples/concurr.erl, p4fv1cfa, 0, 254296,24
icfa_examples/concurr.erl, p4fv1cfa, 0, 455443,24
icfa_examples/concurr.erl, p4fv1cfa, 0, 260862,24
icfa_examples/concurr.erl, p4fv1cfa, 0, 246265,24
icfa_examples/concurr.erl, p4fv1cfa, 0, 256183,24
icfa_examples/concurr.erl, p4fv1cfa, 0, 384204,24
icfa_examples/concurr.erl, p4fv1cfa, 0, 246614,24
icfa_examples/concurr.erl, p4fv1cfa, 0, 252411,24
icfa_examples/concurr.erl, p4fv1cfa, 0, 242982,24
icfa_examples/concurr.erl, p4fv1cfa, 0, 244379,24
icfa_examples/concurr.erl, p4fv1cfa, 0, 477793,24
icfa_examples/concurr.erl, p4fv1cfa, 0, 275459,24
icfa_examples/concurr.erl, p4fv1cfa, 0, 248430,24
icfa_examples/concurr.erl, p4fv1cfa, 0, 281954,24
icfa_examples/concurr.erl, p4fv1cfa, 0, 243960,24
icfa_examples/concurr.erl, p4fv1cfa, 0, 347327,24
icfa_examples/concurr.erl, p4fv1cfa, 0, 254507,24
icfa_examples/concurr.erl, p4fv1cfa, 0, 257649,24
icfa_examples/concurr.erl, p4fv1cfa, 0, 252132,24
icfa_examples/concurr.erl, p4fv1cfa, 0, 293897,24
icfa_examples/concurr.erl, p4fv1cfa, 0, 248151,24
icfa_examples/concurr.erl, p4fv1cfa, 0, 430719,24
icfa_examples/concurr.erl, p4fv1cfa, 0, 232645,24
icfa_examples/concurr.erl, p4fv1cfa, 0, 242424,24
icfa_examples/concurr.erl, p4fv1cfa, 0, 267985,24
icfa_examples/concurr.erl, p4fv1cfa, 0, 458726,24
icfa_examples/concurr.erl, p4fv1cfa, 0, 434211,24
icfa_examples/concurr.erl, p4fv1cfa, 0, 235090,24
icfa_examples/concurr.erl, p4fv1cfa, 0, 260722,24
icfa_examples/concurr.erl, p4fv1cfa, 0, 257649,24
icfa_examples/concurr.erl, p4fv1cfa, 0, 248221,24
icfa_examples/concurr.erl, icfa, 0, 462637,24
icfa_examples/concurr.erl, icfa, 0, 455652,24
icfa_examples/concurr.erl, icfa, 0, 454675,24
icfa_examples/concurr.erl, icfa, 0, 461799,24
icfa_examples/concurr.erl, icfa, 0, 760306,24
icfa_examples/concurr.erl, icfa, 0, 559508,24
icfa_examples/concurr.erl, icfa, 0, 619434,24
icfa_examples/concurr.erl, icfa, 0, 430929,24
icfa_examples/concurr.erl, icfa, 0, 463894,24
icfa_examples/concurr.erl, icfa, 0, 450414,24
icfa_examples/concurr.erl, icfa, 0, 429742,24
icfa_examples/concurr.erl, icfa, 0, 606024,24
icfa_examples/concurr.erl, icfa, 0, 435188,24
icfa_examples/concurr.erl, icfa, 0, 452579,24
icfa_examples/concurr.erl, icfa, 0, 866886,24
icfa_examples/concurr.erl, icfa, 0, 435119,24
icfa_examples/concurr.erl, icfa, 0, 472904,24
icfa_examples/concurr.erl, icfa, 0, 454326,24
icfa_examples/concurr.erl, icfa, 0, 444478,24
icfa_examples/concurr.erl, icfa, 0, 466758,24
icfa_examples/concurr.erl, icfa, 0, 431207,24
icfa_examples/concurr.erl, icfa, 0, 471716,24
icfa_examples/concurr.erl, icfa, 0, 451812,24
icfa_examples/concurr.erl, icfa, 0, 450136,24
icfa_examples/concurr.erl, icfa, 0, 489456,24
icfa_examples/concurr.erl, icfa, 0, 498885,24
icfa_examples/concurr.erl, icfa, 0, 681454,24
icfa_examples/concurr.erl, icfa, 0, 525146,24
icfa_examples/concurr.erl, icfa, 0, 603300,24
icfa_examples/concurr.erl, icfa, 0, 477653,24
icfa_examples/concurr.erl, icfa, 0, 469761,24
icfa_examples/concurr.erl, icfa, 0, 550569,24
icfa_examples/concurr.erl, icfa, 0, 528429,24
icfa_examples/concurr.erl, icfa, 0, 553572,24
icfa_examples/concurr.erl, icfa, 0, 512644,24
icfa_examples/concurr.erl, icfa, 0, 594709,24
icfa_examples/concurr.erl, icfa, 0, 443151,24
icfa_examples/concurr.erl, icfa, 0, 445385,24
icfa_examples/concurr.erl, icfa, 0, 564537,24
icfa_examples/concurr.erl, icfa, 0, 444967,24
icfa_examples/id.erl, standard, 0, 487850,15
icfa_examples/id.erl, standard, 0, 385251,15
icfa_examples/id.erl, standard, 0, 292920,15
icfa_examples/id.erl, standard, 0, 461031,15
icfa_examples/id.erl, standard, 0, 291733,15
icfa_examples/id.erl, standard, 0, 492040,15
icfa_examples/id.erl, standard, 0, 433373,15
icfa_examples/id.erl, standard, 0, 313872,15
icfa_examples/id.erl, standard, 0, 485126,15
icfa_examples/id.erl, standard, 0, 516276,15
icfa_examples/id.erl, standard, 0, 445316,15
icfa_examples/id.erl, standard, 0, 259046,15
icfa_examples/id.erl, standard, 0, 490504,15
icfa_examples/id.erl, standard, 0, 256392,15
icfa_examples/id.erl, standard, 0, 470111,15
icfa_examples/id.erl, standard, 0, 285237,15
icfa_examples/id.erl, standard, 0, 310451,15
icfa_examples/id.erl, standard, 0, 543864,15
icfa_examples/id.erl, standard, 0, 360947,15
icfa_examples/id.erl, standard, 0, 397893,15
icfa_examples/id.erl, standard, 0, 396357,15
icfa_examples/id.erl, standard, 0, 279021,15
icfa_examples/id.erl, standard, 0, 504613,15
icfa_examples/id.erl, standard, 0, 261839,15
icfa_examples/id.erl, standard, 0, 275389,15
icfa_examples/id.erl, standard, 0, 329587,15
icfa_examples/id.erl, standard, 0, 479190,15
icfa_examples/id.erl, standard, 0, 490783,15
icfa_examples/id.erl, standard, 0, 291523,15
icfa_examples/id.erl, standard, 0, 267218,15
icfa_examples/id.erl, standard, 0, 487291,15
icfa_examples/id.erl, standard, 0, 291942,15
icfa_examples/id.erl, standard, 0, 540302,15
icfa_examples/id.erl, standard, 0, 477094,15
icfa_examples/id.erl, standard, 0, 304653,15
icfa_examples/id.erl, standard, 0, 475697,15
icfa_examples/id.erl, standard, 0, 283072,15
icfa_examples/id.erl, standard, 0, 269104,15
icfa_examples/id.erl, standard, 0, 488130,15
icfa_examples/id.erl, standard, 0, 268614,15
icfa_examples/id.erl, standard-v1cfa, 0, 898525,28
icfa_examples/id.erl, standard-v1cfa, 0, 575293,28
icfa_examples/id.erl, standard-v1cfa, 0, 1003148,28
icfa_examples/id.erl, standard-v1cfa, 0, 644088,28
icfa_examples/id.erl, standard-v1cfa, 0, 724826,28
icfa_examples/id.erl, standard-v1cfa, 0, 639269,28
icfa_examples/id.erl, standard-v1cfa, 0, 871845,28
icfa_examples/id.erl, standard-v1cfa, 0, 793970,28
icfa_examples/id.erl, standard-v1cfa, 0, 779931,28
icfa_examples/id.erl, standard-v1cfa, 0, 595897,28
icfa_examples/id.erl, standard-v1cfa, 0, 595128,28
icfa_examples/id.erl, standard-v1cfa, 0, 873102,28
icfa_examples/id.erl, standard-v1cfa, 0, 611401,28
icfa_examples/id.erl, standard-v1cfa, 0, 890772,28
icfa_examples/id.erl, standard-v1cfa, 0, 1226505,28
icfa_examples/id.erl, standard-v1cfa, 0, 786008,28
icfa_examples/id.erl, standard-v1cfa, 0, 774134,28
icfa_examples/id.erl, standard-v1cfa, 0, 1033181,28
icfa_examples/id.erl, standard-v1cfa, 0, 687739,28
icfa_examples/id.erl, standard-v1cfa, 0, 868631,28
icfa_examples/id.erl, standard-v1cfa, 0, 597223,28
icfa_examples/id.erl, standard-v1cfa, 0, 967669,28
icfa_examples/id.erl, standard-v1cfa, 0, 579344,28
icfa_examples/id.erl, standard-v1cfa, 0, 587376,28
icfa_examples/id.erl, standard-v1cfa, 0, 925414,28
icfa_examples/id.erl, standard-v1cfa, 0, 589680,28
icfa_examples/id.erl, standard-v1cfa, 0, 582626,28
icfa_examples/id.erl, standard-v1cfa, 0, 839368,28
icfa_examples/id.erl, standard-v1cfa, 0, 604138,28
icfa_examples/id.erl, standard-v1cfa, 0, 1054134,28
icfa_examples/id.erl, standard-v1cfa, 0, 873241,28
icfa_examples/id.erl, standard-v1cfa, 0, 984850,28
icfa_examples/id.erl, standard-v1cfa, 0, 604417,28
icfa_examples/id.erl, standard-v1cfa, 0, 1163786,28
icfa_examples/id.erl, standard-v1cfa, 0, 563280,28
icfa_examples/id.erl, standard-v1cfa, 0, 591217,28
icfa_examples/id.erl, standard-v1cfa, 0, 566772,28
icfa_examples/id.erl, standard-v1cfa, 0, 993999,28
icfa_examples/id.erl, standard-v1cfa, 0, 798580,28
icfa_examples/id.erl, standard-v1cfa, 0, 684946,28
icfa_examples/id.erl, standard, 1, 269522,13
icfa_examples/id.erl, standard, 1, 199191,13
icfa_examples/id.erl, standard, 1, 245148,13
icfa_examples/id.erl, standard, 1, 323021,13
icfa_examples/id.erl, standard, 1, 287611,13
icfa_examples/id.erl, standard, 1, 414376,13
icfa_examples/id.erl, standard, 1, 260442,13
icfa_examples/id.erl, standard, 1, 232227,13
icfa_examples/id.erl, standard, 1, 319669,13
icfa_examples/id.erl, standard, 1, 411023,13
icfa_examples/id.erl, standard, 1, 214277,13
icfa_examples/id.erl, standard, 1, 350260,13
icfa_examples/id.erl, standard, 1, 209039,13
icfa_examples/id.erl, standard, 1, 211553,13
icfa_examples/id.erl, standard, 1, 243331,13
icfa_examples/id.erl, standard, 1, 424992,13
icfa_examples/id.erl, standard, 1, 365067,13
icfa_examples/id.erl, standard, 1, 243471,13
icfa_examples/id.erl, standard, 1, 241097,13
icfa_examples/id.erl, standard, 1, 214067,13
icfa_examples/id.erl, standard, 1, 232576,13
icfa_examples/id.erl, standard, 1, 216023,13
icfa_examples/id.erl, standard, 1, 224264,13
icfa_examples/id.erl, standard, 1, 216652,13
icfa_examples/id.erl, standard, 1, 478491,13
icfa_examples/id.erl, standard, 1, 358781,13
icfa_examples/id.erl, standard, 1, 217210,13
icfa_examples/id.erl, standard, 1, 432395,13
icfa_examples/id.erl, standard, 1, 205546,13
icfa_examples/id.erl, standard, 1, 411373,13
icfa_examples/id.erl, standard, 1, 282932,13
icfa_examples/id.erl, standard, 1, 386788,13
icfa_examples/id.erl, standard, 1, 290964,13
icfa_examples/id.erl, standard, 1, 344603,13
icfa_examples/id.erl, standard, 1, 433024,13
icfa_examples/id.erl, standard, 1, 383365,13
icfa_examples/id.erl, standard, 1, 266380,13
icfa_examples/id.erl, standard, 1, 222798,13
icfa_examples/id.erl, standard, 1, 217000,13
icfa_examples/id.erl, standard, 1, 323720,13
icfa_examples/id.erl, standard-stripped, 0, 176073,15
icfa_examples/id.erl, standard-stripped, 0, 166016,15
icfa_examples/id.erl, standard-stripped, 0, 219306,15
icfa_examples/id.erl, standard-stripped, 0, 170276,15
icfa_examples/id.erl, standard-stripped, 0, 254507,15
icfa_examples/id.erl, standard-stripped, 0, 346838,15
icfa_examples/id.erl, standard-stripped, 0, 198981,15
icfa_examples/id.erl, standard-stripped, 0, 319599,15
icfa_examples/id.erl, standard-stripped, 0, 295434,15
icfa_examples/id.erl, standard-stripped, 0, 272736,15
icfa_examples/id.erl, standard-stripped, 0, 340622,15
icfa_examples/id.erl, standard-stripped, 0, 245776,15
icfa_examples/id.erl, standard-stripped, 0, 200937,15
icfa_examples/id.erl, standard-stripped, 0, 176143,15
icfa_examples/id.erl, standard-stripped, 0, 188854,15
icfa_examples/id.erl, standard-stripped, 0, 206105,15
icfa_examples/id.erl, standard-stripped, 0, 170206,15
icfa_examples/id.erl, standard-stripped, 0, 231668,15
icfa_examples/id.erl, standard-stripped, 0, 174188,15
icfa_examples/id.erl, standard-stripped, 0, 195210,15
icfa_examples/id.erl, standard-stripped, 0, 335104,15
icfa_examples/id.erl, standard-stripped, 0, 296062,15
icfa_examples/id.erl, standard-stripped, 0, 263306,15
icfa_examples/id.erl, standard-stripped, 0, 189902,15
icfa_examples/id.erl, standard-stripped, 0, 190391,15
icfa_examples/id.erl, standard-stripped, 0, 380223,15
icfa_examples/id.erl, standard-stripped, 0, 379175,15
icfa_examples/id.erl, standard-stripped, 0, 212600,15
icfa_examples/id.erl, standard-stripped, 0, 167831,15
icfa_examples/id.erl, standard-stripped, 0, 234811,15
icfa_examples/id.erl, standard-stripped, 0, 180752,15
icfa_examples/id.erl, standard-stripped, 0, 283421,15
icfa_examples/id.erl, standard-stripped, 0, 399430,15
icfa_examples/id.erl, standard-stripped, 0, 304653,15
icfa_examples/id.erl, standard-stripped, 0, 383505,15
icfa_examples/id.erl, standard-stripped, 0, 181731,15
icfa_examples/id.erl, standard-stripped, 0, 181870,15
icfa_examples/id.erl, standard-stripped, 0, 223077,15
icfa_examples/id.erl, standard-stripped, 0, 198283,15
icfa_examples/id.erl, standard-stripped, 0, 222867,15
icfa_examples/id.erl, standard-stripped-v1cfa, 0, 295364,21
icfa_examples/id.erl, standard-stripped-v1cfa, 0, 619293,21
icfa_examples/id.erl, standard-stripped-v1cfa, 0, 302837,21
icfa_examples/id.erl, standard-stripped-v1cfa, 0, 310240,21
icfa_examples/id.erl, standard-stripped-v1cfa, 0, 394191,21
icfa_examples/id.erl, standard-stripped-v1cfa, 0, 577737,21
icfa_examples/id.erl, standard-stripped-v1cfa, 0, 319599,21
icfa_examples/id.erl, standard-stripped-v1cfa, 0, 336711,21
icfa_examples/id.erl, standard-stripped-v1cfa, 0, 576062,21
icfa_examples/id.erl, standard-stripped-v1cfa, 0, 285306,21
icfa_examples/id.erl, standard-stripped-v1cfa, 0, 564607,21
icfa_examples/id.erl, standard-stripped-v1cfa, 0, 314781,21
icfa_examples/id.erl, standard-stripped-v1cfa, 0, 338666,21
icfa_examples/id.erl, standard-stripped-v1cfa, 0, 520676,21
icfa_examples/id.erl, standard-stripped-v1cfa, 0, 477862,21
icfa_examples/id.erl, standard-stripped-v1cfa, 0, 329308,21
icfa_examples/id.erl, standard-stripped-v1cfa, 0, 290615,21
icfa_examples/id.erl, standard-stripped-v1cfa, 0, 304862,21
icfa_examples/id.erl, standard-stripped-v1cfa, 0, 319949,21
icfa_examples/id.erl, standard-stripped-v1cfa, 0, 558741,21
icfa_examples/id.erl, standard-stripped-v1cfa, 0, 562442,21
icfa_examples/id.erl, standard-stripped-v1cfa, 0, 335314,21
icfa_examples/id.erl, standard-stripped-v1cfa, 0, 355568,21
icfa_examples/id.erl, standard-stripped-v1cfa, 0, 406623,21
icfa_examples/id.erl, standard-stripped-v1cfa, 0, 302977,21
icfa_examples/id.erl, standard-stripped-v1cfa, 0, 553782,21
icfa_examples/id.erl, standard-stripped-v1cfa, 0, 576969,21
icfa_examples/id.erl, standard-stripped-v1cfa, 0, 475138,21
icfa_examples/id.erl, standard-stripped-v1cfa, 0, 286983,21
icfa_examples/id.erl, standard-stripped-v1cfa, 0, 432534,21
icfa_examples/id.erl, standard-stripped-v1cfa, 0, 429671,21
icfa_examples/id.erl, standard-stripped-v1cfa, 0, 321974,21
icfa_examples/id.erl, standard-stripped-v1cfa, 0, 594570,21
icfa_examples/id.erl, standard-stripped-v1cfa, 0, 446084,21
icfa_examples/id.erl, standard-stripped-v1cfa, 0, 324139,21
icfa_examples/id.erl, standard-stripped-v1cfa, 0, 473602,21
icfa_examples/id.erl, standard-stripped-v1cfa, 0, 477025,21
icfa_examples/id.erl, standard-stripped-v1cfa, 0, 454256,21
icfa_examples/id.erl, standard-stripped-v1cfa, 0, 509082,21
icfa_examples/id.erl, standard-stripped-v1cfa, 0, 420801,21
icfa_examples/id.erl, p4f, 0, 326654,15
icfa_examples/id.erl, p4f, 0, 624811,15
icfa_examples/id.erl, p4f, 0, 267427,15
icfa_examples/id.erl, p4f, 0, 340203,15
icfa_examples/id.erl, p4f, 0, 319809,15
icfa_examples/id.erl, p4f, 0, 515927,15
icfa_examples/id.erl, p4f, 0, 492808,15
icfa_examples/id.erl, p4f, 0, 488688,15
icfa_examples/id.erl, p4f, 0, 430859,15
icfa_examples/id.erl, p4f, 0, 288170,15
icfa_examples/id.erl, p4f, 0, 554759,15
icfa_examples/id.erl, p4f, 0, 395797,15
icfa_examples/id.erl, p4f, 0, 282373,15
icfa_examples/id.erl, p4f, 0, 466549,15
icfa_examples/id.erl, p4f, 0, 352286,15
icfa_examples/id.erl, p4f, 0, 300044,15
icfa_examples/id.erl, p4f, 0, 481424,15
icfa_examples/id.erl, p4f, 0, 529895,15
icfa_examples/id.erl, p4f, 0, 294805,15
icfa_examples/id.erl, p4f, 0, 290056,15
icfa_examples/id.erl, p4f, 0, 317015,15
icfa_examples/id.erl, p4f, 0, 543095,15
icfa_examples/id.erl, p4f, 0, 524726,15
icfa_examples/id.erl, p4f, 0, 352565,15
icfa_examples/id.erl, p4f, 0, 353962,15
icfa_examples/id.erl, p4f, 0, 331124,15
icfa_examples/id.erl, p4f, 0, 289009,15
icfa_examples/id.erl, p4f, 0, 569915,15
icfa_examples/id.erl, p4f, 0, 484009,15
icfa_examples/id.erl, p4f, 0, 275738,15
icfa_examples/id.erl, p4f, 0, 375124,15
icfa_examples/id.erl, p4f, 0, 476814,15
icfa_examples/id.erl, p4f, 0, 342368,15
icfa_examples/id.erl, p4f, 0, 362902,15
icfa_examples/id.erl, p4f, 0, 287681,15
icfa_examples/id.erl, p4f, 0, 413817,15
icfa_examples/id.erl, p4f, 0, 375404,15
icfa_examples/id.erl, p4f, 0, 380921,15
icfa_examples/id.erl, p4f, 0, 286704,15
icfa_examples/id.erl, p4f, 0, 554759,15
icfa_examples/id.erl, p4fv1cfa, 0, 633123,28
icfa_examples/id.erl, p4fv1cfa, 0, 682571,28
icfa_examples/id.erl, p4fv1cfa, 0, 617478,28
icfa_examples/id.erl, p4fv1cfa, 0, 608817,28
icfa_examples/id.erl, p4fv1cfa, 0, 645625,28
icfa_examples/id.erl, p4fv1cfa, 0, 773575,28
icfa_examples/id.erl, p4fv1cfa, 0, 1195215,28
icfa_examples/id.erl, p4fv1cfa, 0, 747245,28
icfa_examples/id.erl, p4fv1cfa, 0, 874359,28
icfa_examples/id.erl, p4fv1cfa, 0, 794109,28
icfa_examples/id.erl, p4fv1cfa, 0, 625160,28
icfa_examples/id.erl, p4fv1cfa, 0, 766940,28
icfa_examples/id.erl, p4fv1cfa, 0, 692559,28
icfa_examples/id.erl, p4fv1cfa, 0, 602042,28
icfa_examples/id.erl, p4fv1cfa, 0, 901318,28
icfa_examples/id.erl, p4fv1cfa, 0, 746407,28
icfa_examples/id.erl, p4fv1cfa, 0, 696330,28
icfa_examples/id.erl, p4fv1cfa, 0, 756814,28
icfa_examples/id.erl, p4fv1cfa, 0, 632494,28
icfa_examples/id.erl, p4fv1cfa, 0, 878199,28
icfa_examples/id.erl, p4fv1cfa, 0, 863463,28
icfa_examples/id.erl, p4fv1cfa, 0, 665460,28
icfa_examples/id.erl, p4fv1cfa, 0, 861787,28
icfa_examples/id.erl, p4fv1cfa, 0, 612519,28
icfa_examples/id.erl, p4fv1cfa, 0, 997281,28
icfa_examples/id.erl, p4fv1cfa, 0, 855082,28
icfa_examples/id.erl, p4fv1cfa, 0, 612729,28
icfa_examples/id.erl, p4fv1cfa, 0, 642760,28
icfa_examples/id.erl, p4fv1cfa, 0, 588702,28
icfa_examples/id.erl, p4fv1cfa, 0, 630119,28
icfa_examples/id.erl, p4fv1cfa, 0, 587864,28
icfa_examples/id.erl, p4fv1cfa, 0, 734045,28
icfa_examples/id.erl, p4fv1cfa, 0, 819951,28
icfa_examples/id.erl, p4fv1cfa, 0, 849773,28
icfa_examples/id.erl, p4fv1cfa, 0, 843069,28
icfa_examples/id.erl, p4fv1cfa, 0, 608049,28
icfa_examples/id.erl, p4fv1cfa, 0, 1160154,28
icfa_examples/id.erl, p4fv1cfa, 0, 605326,28
icfa_examples/id.erl, p4fv1cfa, 0, 608747,28
icfa_examples/id.erl, p4fv1cfa, 0, 710089,28
icfa_examples/id.erl, icfa, 0, 1425765,28
icfa_examples/id.erl, icfa, 0, 1377085,28
icfa_examples/id.erl, icfa, 0, 1139690,28
icfa_examples/id.erl, icfa, 0, 1091080,28
icfa_examples/id.erl, icfa, 0, 1209742,28
icfa_examples/id.erl, icfa, 0, 1065657,28
icfa_examples/id.erl, icfa, 0, 983452,28
icfa_examples/id.erl, icfa, 0, 985897,28
icfa_examples/id.erl, icfa, 0, 1253603,28
icfa_examples/id.erl, icfa, 0, 944341,28
icfa_examples/id.erl, icfa, 0, 960754,28
icfa_examples/id.erl, icfa, 0, 981218,28
icfa_examples/id.erl, icfa, 0, 1177405,28
icfa_examples/id.erl, icfa, 0, 1043028,28
icfa_examples/id.erl, icfa, 0, 1223082,28
icfa_examples/id.erl, icfa, 0, 1025916,28
icfa_examples/id.erl, icfa, 0, 1281959,28
icfa_examples/id.erl, icfa, 0, 966202,28
icfa_examples/id.erl, icfa, 0, 1379599,28
icfa_examples/id.erl, icfa, 0, 967109,28
icfa_examples/id.erl, icfa, 0, 995954,28
icfa_examples/id.erl, icfa, 0, 1269807,28
icfa_examples/id.erl, icfa, 0, 1367307,28
icfa_examples/id.erl, icfa, 0, 1085143,28
icfa_examples/id.erl, icfa, 0, 1299630,28
icfa_examples/id.erl, icfa, 0, 1173843,28
icfa_examples/id.erl, icfa, 0, 958728,28
icfa_examples/id.erl, icfa, 0, 991903,28
icfa_examples/id.erl, icfa, 0, 985897,28
icfa_examples/id.erl, icfa, 0, 963058,28
icfa_examples/id.erl, icfa, 0, 987224,28
icfa_examples/id.erl, icfa, 0, 1194097,28
icfa_examples/id.erl, icfa, 0, 1019911,28
icfa_examples/id.erl, icfa, 0, 991415,28
icfa_examples/id.erl, icfa, 0, 2035979,28
icfa_examples/id.erl, icfa, 0, 1028152,28
icfa_examples/id.erl, icfa, 0, 1007408,28
icfa_examples/id.erl, icfa, 0, 1547641,28
icfa_examples/id.erl, icfa, 0, 1283286,28
icfa_examples/id.erl, icfa, 0, 1614619,28
icfa_examples/rec_id.erl, standard, 0, 1002450,28
icfa_examples/rec_id.erl, standard, 0, 1170351,28
icfa_examples/rec_id.erl, standard, 0, 919477,28
icfa_examples/rec_id.erl, standard, 0, 921432,28
icfa_examples/rec_id.erl, standard, 0, 1484852,28
icfa_examples/rec_id.erl, standard, 0, 996793,28
icfa_examples/rec_id.erl, standard, 0, 945388,28
icfa_examples/rec_id.erl, standard, 0, 1232301,28
icfa_examples/rec_id.erl, standard, 0, 894752,28
icfa_examples/rec_id.erl, standard, 0, 1009713,28
icfa_examples/rec_id.erl, standard, 0, 1477308,28
icfa_examples/rec_id.erl, standard, 0, 911445,28
icfa_examples/rec_id.erl, standard, 0, 937007,28
icfa_examples/rec_id.erl, standard, 0, 1024031,28
icfa_examples/rec_id.erl, standard, 0, 936938,28
icfa_examples/rec_id.erl, standard, 0, 994976,28
icfa_examples/rec_id.erl, standard, 0, 985128,28
icfa_examples/rec_id.erl, standard, 0, 1032761,28
icfa_examples/rec_id.erl, standard, 0, 984011,28
icfa_examples/rec_id.erl, standard, 0, 970741,28
icfa_examples/rec_id.erl, standard, 0, 966131,28
icfa_examples/rec_id.erl, standard, 0, 1048965,28
icfa_examples/rec_id.erl, standard, 0, 1092756,28
icfa_examples/rec_id.erl, standard, 0, 948881,28
icfa_examples/rec_id.erl, standard, 0, 913331,28
icfa_examples/rec_id.erl, standard, 0, 913051,28
icfa_examples/rec_id.erl, standard, 0, 1417034,28
icfa_examples/rec_id.erl, standard, 0, 1145138,28
icfa_examples/rec_id.erl, standard, 0, 986945,28
icfa_examples/rec_id.erl, standard, 0, 1022634,28
icfa_examples/rec_id.erl, standard, 0, 892797,28
icfa_examples/rec_id.erl, standard, 0, 924295,28
icfa_examples/rec_id.erl, standard, 0, 938614,28
icfa_examples/rec_id.erl, standard, 0, 896638,28
icfa_examples/rec_id.erl, standard, 0, 917381,28
icfa_examples/rec_id.erl, standard, 0, 996863,28
icfa_examples/rec_id.erl, standard, 0, 1157221,28
icfa_examples/rec_id.erl, standard, 0, 1011948,28
icfa_examples/rec_id.erl, standard, 0, 1024519,28
icfa_examples/rec_id.erl, standard, 0, 1087728,28
icfa_examples/rec_id.erl, standard-v1cfa, 0, 3431921,64
icfa_examples/rec_id.erl, standard-v1cfa, 0, 2354950,64
icfa_examples/rec_id.erl, standard-v1cfa, 0, 2283291,64
icfa_examples/rec_id.erl, standard-v1cfa, 0, 2364169,64
icfa_examples/rec_id.erl, standard-v1cfa, 0, 2510489,64
icfa_examples/rec_id.erl, standard-v1cfa, 0, 2880584,64
icfa_examples/rec_id.erl, standard-v1cfa, 0, 2548553,64
icfa_examples/rec_id.erl, standard-v1cfa, 0, 4238253,64
icfa_examples/rec_id.erl, standard-v1cfa, 0, 2861657,64
icfa_examples/rec_id.erl, standard-v1cfa, 0, 3286510,64
icfa_examples/rec_id.erl, standard-v1cfa, 0, 2727769,64
icfa_examples/rec_id.erl, standard-v1cfa, 0, 2673431,64
icfa_examples/rec_id.erl, standard-v1cfa, 0, 2425002,64
icfa_examples/rec_id.erl, standard-v1cfa, 0, 2417389,64
icfa_examples/rec_id.erl, standard-v1cfa, 0, 2514331,64
icfa_examples/rec_id.erl, standard-v1cfa, 0, 2442113,64
icfa_examples/rec_id.erl, standard-v1cfa, 0, 2425002,64
icfa_examples/rec_id.erl, standard-v1cfa, 0, 2711007,64
icfa_examples/rec_id.erl, standard-v1cfa, 0, 2643050,64
icfa_examples/rec_id.erl, standard-v1cfa, 0, 2353204,64
icfa_examples/rec_id.erl, standard-v1cfa, 0, 2734055,64
icfa_examples/rec_id.erl, standard-v1cfa, 0, 2428564,64
icfa_examples/rec_id.erl, standard-v1cfa, 0, 2567271,64
icfa_examples/rec_id.erl, standard-v1cfa, 0, 2519359,64
icfa_examples/rec_id.erl, standard-v1cfa, 0, 2363052,64
icfa_examples/rec_id.erl, standard-v1cfa, 0, 2568458,64
icfa_examples/rec_id.erl, standard-v1cfa, 0, 2549391,64
icfa_examples/rec_id.erl, standard-v1cfa, 0, 3129503,64
icfa_examples/rec_id.erl, standard-v1cfa, 0, 2457478,64
icfa_examples/rec_id.erl, standard-v1cfa, 0, 2456081,64
icfa_examples/rec_id.erl, standard-v1cfa, 0, 2654994,64
icfa_examples/rec_id.erl, standard-v1cfa, 0, 2792653,64
icfa_examples/rec_id.erl, standard-v1cfa, 0, 2425421,64
icfa_examples/rec_id.erl, standard-v1cfa, 0, 2413338,64
icfa_examples/rec_id.erl, standard-v1cfa, 0, 2440158,64
icfa_examples/rec_id.erl, standard-v1cfa, 0, 2373528,64
icfa_examples/rec_id.erl, standard-v1cfa, 0, 2382956,64
icfa_examples/rec_id.erl, standard-v1cfa, 0, 3110506,64
icfa_examples/rec_id.erl, standard-v1cfa, 0, 2367242,64
icfa_examples/rec_id.erl, standard-v1cfa, 0, 2414246,64
icfa_examples/rec_id.erl, standard, 1, 3936184,102
icfa_examples/rec_id.erl, standard, 1, 4906087,102
icfa_examples/rec_id.erl, standard, 1, 4031030,102
icfa_examples/rec_id.erl, standard, 1, 4599758,102
icfa_examples/rec_id.erl, standard, 1, 3964331,102
icfa_examples/rec_id.erl, standard, 1, 4313822,102
icfa_examples/rec_id.erl, standard, 1, 4094447,102
icfa_examples/rec_id.erl, standard, 1, 3850767,102
icfa_examples/rec_id.erl, standard, 1, 4145432,102
icfa_examples/rec_id.erl, standard, 1, 4650882,102
icfa_examples/rec_id.erl, standard, 1, 4533268,102
icfa_examples/rec_id.erl, standard, 1, 4082713,102
icfa_examples/rec_id.erl, standard, 1, 3831210,102
icfa_examples/rec_id.erl, standard, 1, 4572310,102
icfa_examples/rec_id.erl, standard, 1, 3940165,102
icfa_examples/rec_id.erl, standard, 1, 4395189,102
icfa_examples/rec_id.erl, standard, 1, 4059666,102
icfa_examples/rec_id.erl, standard, 1, 4111279,102
icfa_examples/rec_id.erl, standard, 1, 3854538,102
icfa_examples/rec_id.erl, standard, 1, 3887224,102
icfa_examples/rec_id.erl, standard, 1, 5533901,102
icfa_examples/rec_id.erl, standard, 1, 4167223,102
icfa_examples/rec_id.erl, standard, 1, 3983677,102
icfa_examples/rec_id.erl, standard, 1, 4463984,102
icfa_examples/rec_id.erl, standard, 1, 4201726,102
icfa_examples/rec_id.erl, standard, 1, 3903218,102
icfa_examples/rec_id.erl, standard, 1, 4709690,102
icfa_examples/rec_id.erl, standard, 1, 3995969,102
icfa_examples/rec_id.erl, standard, 1, 3985842,102
icfa_examples/rec_id.erl, standard, 1, 4084390,102
icfa_examples/rec_id.erl, standard, 1, 3961118,102
icfa_examples/rec_id.erl, standard, 1, 4454625,102
icfa_examples/rec_id.erl, standard, 1, 4209757,102
icfa_examples/rec_id.erl, standard, 1, 4643968,102
icfa_examples/rec_id.erl, standard, 1, 4460352,102
icfa_examples/rec_id.erl, standard, 1, 3921866,102
icfa_examples/rec_id.erl, standard, 1, 4163452,102
icfa_examples/rec_id.erl, standard, 1, 4027818,102
icfa_examples/rec_id.erl, standard, 1, 4004839,102
icfa_examples/rec_id.erl, standard, 1, 3991639,102
icfa_examples/rec_id.erl, standard-stripped, 0, 698844,28
icfa_examples/rec_id.erl, standard-stripped, 0, 620132,28
icfa_examples/rec_id.erl, standard-stripped, 0, 541279,28
icfa_examples/rec_id.erl, standard-stripped, 0, 593871,28
icfa_examples/rec_id.erl, standard-stripped, 0, 978145,28
icfa_examples/rec_id.erl, standard-stripped, 0, 580321,28
icfa_examples/rec_id.erl, standard-stripped, 0, 569985,28
icfa_examples/rec_id.erl, standard-stripped, 0, 617896,28
icfa_examples/rec_id.erl, standard-stripped, 0, 547216,28
icfa_examples/rec_id.erl, standard-stripped, 0, 570334,28
icfa_examples/rec_id.erl, standard-stripped, 0, 594360,28
icfa_examples/rec_id.erl, standard-stripped, 0, 551896,28
icfa_examples/rec_id.erl, standard-stripped, 0, 851659,28
icfa_examples/rec_id.erl, standard-stripped, 0, 658266,28
icfa_examples/rec_id.erl, standard-stripped, 0, 579413,28
icfa_examples/rec_id.erl, standard-stripped, 0, 657288,28
icfa_examples/rec_id.erl, standard-stripped, 0, 574874,28
icfa_examples/rec_id.erl, standard-stripped, 0, 577668,28
icfa_examples/rec_id.erl, standard-stripped, 0, 563279,28
icfa_examples/rec_id.erl, standard-stripped, 0, 740400,28
icfa_examples/rec_id.erl, standard-stripped, 0, 610563,28
icfa_examples/rec_id.erl, standard-stripped, 0, 1314855,28
icfa_examples/rec_id.erl, standard-stripped, 0, 577947,28
icfa_examples/rec_id.erl, standard-stripped, 0, 572010,28
icfa_examples/rec_id.erl, standard-stripped, 0, 574105,28
icfa_examples/rec_id.erl, standard-stripped, 0, 627116,28
icfa_examples/rec_id.erl, standard-stripped, 0, 540790,28
icfa_examples/rec_id.erl, standard-stripped, 0, 579274,28
icfa_examples/rec_id.erl, standard-stripped, 0, 566562,28
icfa_examples/rec_id.erl, standard-stripped, 0, 598411,28
icfa_examples/rec_id.erl, standard-stripped, 0, 563490,28
icfa_examples/rec_id.erl, standard-stripped, 0, 593382,28
icfa_examples/rec_id.erl, standard-stripped, 0, 538695,28
icfa_examples/rec_id.erl, standard-stripped, 0, 869120,28
icfa_examples/rec_id.erl, standard-stripped, 0, 829449,28
icfa_examples/rec_id.erl, standard-stripped, 0, 564886,28
icfa_examples/rec_id.erl, standard-stripped, 0, 605116,28
icfa_examples/rec_id.erl, standard-stripped, 0, 851380,28
icfa_examples/rec_id.erl, standard-stripped, 0, 736629,28
icfa_examples/rec_id.erl, standard-stripped, 0, 686552,28
icfa_examples/rec_id.erl, standard-stripped-v1cfa, 0, 1266524,41
icfa_examples/rec_id.erl, standard-stripped-v1cfa, 0, 1106026,41
icfa_examples/rec_id.erl, standard-stripped-v1cfa, 0, 884415,41
icfa_examples/rec_id.erl, standard-stripped-v1cfa, 0, 966201,41
icfa_examples/rec_id.erl, standard-stripped-v1cfa, 0, 1080254,41
icfa_examples/rec_id.erl, standard-stripped-v1cfa, 0, 915705,41
icfa_examples/rec_id.erl, standard-stripped-v1cfa, 0, 916613,41
icfa_examples/rec_id.erl, standard-stripped-v1cfa, 0, 898454,41
icfa_examples/rec_id.erl, standard-stripped-v1cfa, 0, 1155335,41
icfa_examples/rec_id.erl, standard-stripped-v1cfa, 0, 941547,41
icfa_examples/rec_id.erl, standard-stripped-v1cfa, 0, 992043,41
icfa_examples/rec_id.erl, standard-stripped-v1cfa, 0, 1064749,41
icfa_examples/rec_id.erl, standard-stripped-v1cfa, 0, 1169094,41
icfa_examples/rec_id.erl, standard-stripped-v1cfa, 0, 1119016,41
icfa_examples/rec_id.erl, standard-stripped-v1cfa, 0, 1547500,41
icfa_examples/rec_id.erl, standard-stripped-v1cfa, 0, 911585,41
icfa_examples/rec_id.erl, standard-stripped-v1cfa, 0, 1087029,41
icfa_examples/rec_id.erl, standard-stripped-v1cfa, 0, 972068,41
icfa_examples/rec_id.erl, standard-stripped-v1cfa, 0, 928625,41
icfa_examples/rec_id.erl, standard-stripped-v1cfa, 0, 1102883,41
icfa_examples/rec_id.erl, standard-stripped-v1cfa, 0, 918079,41
icfa_examples/rec_id.erl, standard-stripped-v1cfa, 0, 916892,41
icfa_examples/rec_id.erl, standard-stripped-v1cfa, 0, 1119925,41
icfa_examples/rec_id.erl, standard-stripped-v1cfa, 0, 1578161,41
icfa_examples/rec_id.erl, standard-stripped-v1cfa, 0, 1295997,41
icfa_examples/rec_id.erl, standard-stripped-v1cfa, 0, 1553018,41
icfa_examples/rec_id.erl, standard-stripped-v1cfa, 0, 934982,41
icfa_examples/rec_id.erl, standard-stripped-v1cfa, 0, 969972,41
icfa_examples/rec_id.erl, standard-stripped-v1cfa, 0, 967039,41
icfa_examples/rec_id.erl, standard-stripped-v1cfa, 0, 901806,41
icfa_examples/rec_id.erl, standard-stripped-v1cfa, 0, 924296,41
icfa_examples/rec_id.erl, standard-stripped-v1cfa, 0, 935819,41
icfa_examples/rec_id.erl, standard-stripped-v1cfa, 0, 896778,41
icfa_examples/rec_id.erl, standard-stripped-v1cfa, 0, 876524,41
icfa_examples/rec_id.erl, standard-stripped-v1cfa, 0, 1538840,41
icfa_examples/rec_id.erl, standard-stripped-v1cfa, 0, 893845,41
icfa_examples/rec_id.erl, standard-stripped-v1cfa, 0, 1146674,41
icfa_examples/rec_id.erl, standard-stripped-v1cfa, 0, 1351243,41
icfa_examples/rec_id.erl, standard-stripped-v1cfa, 0, 934423,41
icfa_examples/rec_id.erl, standard-stripped-v1cfa, 0, 917102,41
icfa_examples/rec_id.erl, p4f, 0, 1213235,28
icfa_examples/rec_id.erl, p4f, 0, 938124,28
icfa_examples/rec_id.erl, p4f, 0, 990716,28
icfa_examples/rec_id.erl, p4f, 0, 911374,28
icfa_examples/rec_id.erl, p4f, 0, 1094781,28
icfa_examples/rec_id.erl, p4f, 0, 940638,28
icfa_examples/rec_id.erl, p4f, 0, 935540,28
icfa_examples/rec_id.erl, p4f, 0, 916753,28
icfa_examples/rec_id.erl, p4f, 0, 883437,28
icfa_examples/rec_id.erl, p4f, 0, 1229647,28
icfa_examples/rec_id.erl, p4f, 0, 939172,28
icfa_examples/rec_id.erl, p4f, 0, 1101626,28
icfa_examples/rec_id.erl, p4f, 0, 1141576,28
icfa_examples/rec_id.erl, p4f, 0, 886092,28
icfa_examples/rec_id.erl, p4f, 0, 908023,28
icfa_examples/rec_id.erl, p4f, 0, 1139131,28
icfa_examples/rec_id.erl, p4f, 0, 900549,28
icfa_examples/rec_id.erl, p4f, 0, 1038977,28
icfa_examples/rec_id.erl, p4f, 0, 986805,28
icfa_examples/rec_id.erl, p4f, 0, 1079556,28
icfa_examples/rec_id.erl, p4f, 0, 1417035,28
icfa_examples/rec_id.erl, p4f, 0, 919058,28
icfa_examples/rec_id.erl, p4f, 0, 947134,28
icfa_examples/rec_id.erl, p4f, 0, 909000,28
icfa_examples/rec_id.erl, p4f, 0, 1238657,28
icfa_examples/rec_id.erl, p4f, 0, 1302283,28
icfa_examples/rec_id.erl, p4f, 0, 907254,28
icfa_examples/rec_id.erl, p4f, 0, 912004,28
icfa_examples/rec_id.erl, p4f, 0, 1011738,28
icfa_examples/rec_id.erl, p4f, 0, 899502,28
icfa_examples/rec_id.erl, p4f, 0, 1094991,28
icfa_examples/rec_id.erl, p4f, 0, 974023,28
icfa_examples/rec_id.erl, p4f, 0, 1151005,28
icfa_examples/rec_id.erl, p4f, 0, 901527,28
icfa_examples/rec_id.erl, p4f, 0, 1217774,28
icfa_examples/rec_id.erl, p4f, 0, 1110775,28
icfa_examples/rec_id.erl, p4f, 0, 981148,28
icfa_examples/rec_id.erl, p4f, 0, 1102324,28
icfa_examples/rec_id.erl, p4f, 0, 1062165,28
icfa_examples/rec_id.erl, p4f, 0, 1041632,28
icfa_examples/rec_id.erl, p4fv1cfa, 0, 2346778,64
icfa_examples/rec_id.erl, p4fv1cfa, 0, 2406353,64
icfa_examples/rec_id.erl, p4fv1cfa, 0, 2272885,64
icfa_examples/rec_id.erl, p4fv1cfa, 0, 2840284,64
icfa_examples/rec_id.erl, p4fv1cfa, 0, 2349223,64
icfa_examples/rec_id.erl, p4fv1cfa, 0, 2355020,64
icfa_examples/rec_id.erl, p4fv1cfa, 0, 2756823,64
icfa_examples/rec_id.erl, p4fv1cfa, 0, 3231891,64
icfa_examples/rec_id.erl, p4fv1cfa, 0, 2430728,64
icfa_examples/rec_id.erl, p4fv1cfa, 0, 2509860,64
icfa_examples/rec_id.erl, p4fv1cfa, 0, 2804455,64
icfa_examples/rec_id.erl, p4fv1cfa, 0, 2714917,64
icfa_examples/rec_id.erl, p4fv1cfa, 0, 2923188,64
icfa_examples/rec_id.erl, p4fv1cfa, 0, 2908591,64
icfa_examples/rec_id.erl, p4fv1cfa, 0, 3725539,64
icfa_examples/rec_id.erl, p4fv1cfa, 0, 2991075,64
icfa_examples/rec_id.erl, p4fv1cfa, 0, 2572160,64
icfa_examples/rec_id.erl, p4fv1cfa, 0, 2516146,64
icfa_examples/rec_id.erl, p4fv1cfa, 0, 2410195,64
icfa_examples/rec_id.erl, p4fv1cfa, 0, 2373458,64
icfa_examples/rec_id.erl, p4fv1cfa, 0, 2390988,64
icfa_examples/rec_id.erl, p4fv1cfa, 0, 2520755,64
icfa_examples/rec_id.erl, p4fv1cfa, 0, 2561753,64
icfa_examples/rec_id.erl, p4fv1cfa, 0, 2441624,64
icfa_examples/rec_id.erl, p4fv1cfa, 0, 3675182,64
icfa_examples/rec_id.erl, p4fv1cfa, 0, 2482831,64
icfa_examples/rec_id.erl, p4fv1cfa, 0, 2288808,64
icfa_examples/rec_id.erl, p4fv1cfa, 0, 3061756,64
icfa_examples/rec_id.erl, p4fv1cfa, 0, 2458176,64
icfa_examples/rec_id.erl, p4fv1cfa, 0, 2498267,64
icfa_examples/rec_id.erl, p4fv1cfa, 0, 2389242,64
icfa_examples/rec_id.erl, p4fv1cfa, 0, 2608268,64
icfa_examples/rec_id.erl, p4fv1cfa, 0, 2565385,64
icfa_examples/rec_id.erl, p4fv1cfa, 0, 2346079,64
icfa_examples/rec_id.erl, p4fv1cfa, 0, 2813535,64
icfa_examples/rec_id.erl, p4fv1cfa, 0, 2349083,64
icfa_examples/rec_id.erl, p4fv1cfa, 0, 2877091,64
icfa_examples/rec_id.erl, p4fv1cfa, 0, 3279804,64
icfa_examples/rec_id.erl, p4fv1cfa, 0, 2631665,64
icfa_examples/rec_id.erl, p4fv1cfa, 0, 2490793,64
icfa_examples/rec_id.erl, icfa, 0, 5599902,64
icfa_examples/rec_id.erl, icfa, 0, 4310329,64
icfa_examples/rec_id.erl, icfa, 0, 4365994,64
icfa_examples/rec_id.erl, icfa, 0, 4554220,64
icfa_examples/rec_id.erl, icfa, 0, 5233438,64
icfa_examples/rec_id.erl, icfa, 0, 4169597,64
icfa_examples/rec_id.erl, icfa, 0, 5327725,64
icfa_examples/rec_id.erl, icfa, 0, 4350000,64
icfa_examples/rec_id.erl, icfa, 0, 5654938,64
icfa_examples/rec_id.erl, icfa, 0, 4275339,64
icfa_examples/rec_id.erl, icfa, 0, 4221700,64
icfa_examples/rec_id.erl, icfa, 0, 5053384,64
icfa_examples/rec_id.erl, icfa, 0, 5018533,64
icfa_examples/rec_id.erl, icfa, 0, 5031873,64
icfa_examples/rec_id.erl, icfa, 0, 4386597,64
icfa_examples/rec_id.erl, icfa, 0, 4342248,64
icfa_examples/rec_id.erl, icfa, 0, 4227846,64
icfa_examples/rec_id.erl, icfa, 0, 4453996,64
icfa_examples/rec_id.erl, icfa, 0, 4347485,64
icfa_examples/rec_id.erl, icfa, 0, 4288050,64
icfa_examples/rec_id.erl, icfa, 0, 4490314,64
icfa_examples/rec_id.erl, icfa, 0, 5492344,64
icfa_examples/rec_id.erl, icfa, 0, 4430249,64
icfa_examples/rec_id.erl, icfa, 0, 5315852,64
icfa_examples/rec_id.erl, icfa, 0, 5082788,64
icfa_examples/rec_id.erl, icfa, 0, 4819202,64
icfa_examples/rec_id.erl, icfa, 0, 4910556,64
icfa_examples/rec_id.erl, icfa, 0, 6029432,64
icfa_examples/rec_id.erl, icfa, 0, 4671835,64
icfa_examples/rec_id.erl, icfa, 0, 7615417,64
icfa_examples/rec_id.erl, icfa, 0, 4302438,64
icfa_examples/rec_id.erl, icfa, 0, 4991503,64
icfa_examples/rec_id.erl, icfa, 0, 5336107,64
icfa_examples/rec_id.erl, icfa, 0, 6846311,64
icfa_examples/rec_id.erl, icfa, 0, 5345465,64
icfa_examples/rec_id.erl, icfa, 0, 4779042,64
icfa_examples/rec_id.erl, icfa, 0, 4879615,64
icfa_examples/rec_id.erl, icfa, 0, 4258436,64
icfa_examples/rec_id.erl, icfa, 0, 4399309,64
icfa_examples/rec_id.erl, icfa, 0, 4334426,64
